Pos.,Piloto,Equipe,Grid,Paradas,Melhor tempo,Tempo,Pts.,tipo de piloto
1,Yohan,Red Bull,2,2,1:30.087,40:41.729,25,Pessoa
2,Matheus,Visa Cash App Racing Bulls,3,2,1:29.982,20.125,18,Pessoa
3,Douglas,Mercedes-AMG Petronas,5,2,1:31.638,43.193,15,Pessoa
4,Gabriel,Visa Cash App Racing Bulls,7,2,1:32.249,+1:09.788,12,Pessoa
5,Erick,Red Bull,6,2,1:32.065,+1:19.922,10,Pessoa
6,Paulo,Scuderia Ferrari HP,4,4,1:32.166,+ 1 volta,8,Pessoa
7,Bryan,Scuderia Ferrari HP,1,3,1:31.662,NC,0,Pessoa
,,,,,,,,
Tempo,Volta,Piloto,Equipe,Incidente,Punição,,,
12.172,1,Douglas,Mercedes-AMG Petronas,Colisão com Paulo,Aviso,,,
12.181,1,Paulo,Scuderia Ferrari HP,Colisão com Douglas,Aviso,,,
24.954,1,Gabriel,Visa Cash App Racing Bulls,Colisão com Paulo,Aviso,,,
26.272,1,Yohan,Red Bull,Limites da pista excedidos,Aviso,,,
1:07.460,1,Yohan,Red Bull,Limites da pista excedidos,Aviso,,,
2:58.115,2,Pessoa,Red Bull,Limites da pista excedidos,Aviso,,,
4:31.929,3,Matheus,Visa Cash App Racing Bulls,Limites da pista excedidos,Aviso,,,
4:39.398,3,Douglas,Mercedes-AMG Petronas,Colisão com Bryan,Aviso,,,
4:44.439,3,Pessoa,Red Bull,Limites da pista excedidos,Aviso,,,
5:55.002,4,Paulo,Scuderia Ferrari HP,Limites da pista excedidos,Aviso,,,
6:42.595,4,Paulo,Scuderia Ferrari HP,Limites da pista excedidos,Aviso,,,
7:04.165,5,Paulo,Scuderia Ferrari HP,Limites da pista excedidos,Aviso,,,
7:04.183,5,Paulo,Scuderia Ferrari HP,Múltiplas advertências,3 segundo(s),,,
7:54.953,5,Paulo,Scuderia Ferrari HP,Limites da pista excedidos,Aviso,,,
9:37.187,7,Yohan,Red Bull,Limites da pista excedidos,Aviso,,,
9:37.193,7,Yohan,Red Bull,Múltiplas advertências,3 segundo(s),,,
12:14.281,8,Matheus,Visa Cash App Racing Bulls,Excesso de velocidade no pit lane,Punição de 10 segundo(s),,,
14:01.345,9,Bryan,Scuderia Ferrari HP,Limites da pista excedidos,Aviso,,,
14:36.545,9,Paulo,Scuderia Ferrari HP,Limites da pista excedidos,Aviso,,,
15:13.327,10,Matheus,Visa Cash App Racing Bulls,Limites da pista excedidos,Aviso,,,
16:07.851,10,Pessoa,Red Bull,Colisão com Gabriel,Aviso,,,
16:12.455,10,Pessoa,Red Bull,Limites da pista excedidos,Aviso,,,
16:12.471,10,Pessoa,Red Bull,Múltiplas advertências,3 segundo(s),,,
17:51.660,12,Yohan,Red Bull,Limites da pista excedidos,Aviso,,,
18:03.074,12,Yohan,Red Bull,Limites da pista excedidos,Aviso,,,
18:45.882,12,Matheus,Visa Cash App Racing Bulls,Limites da pista excedidos,Aviso,,,
18:45.888,12,Matheus,Visa Cash App Racing Bulls,Múltiplas advertências,3 segundo(s),,,
18:50.494,12,Bryan,Scuderia Ferrari HP,Limites da pista excedidos,Aviso,,,
19:14.816,12,Paulo,Scuderia Ferrari HP,Limites da pista excedidos,Aviso,,,
19:14.834,12,Paulo,Scuderia Ferrari HP,Múltiplas advertências,3 segundo(s),,,
21:18.247,13,Paulo,Scuderia Ferrari HP,Limites da pista excedidos,Aviso,,,
26:41.421,17,Paulo,Scuderia Ferrari HP,Limites da pista excedidos,Aviso,,,
27:21.516,17,Bryan,Scuderia Ferrari HP,Limites da pista excedidos,Aviso,,,
27:21.533,17,Bryan,Scuderia Ferrari HP,Múltiplas advertências,3 segundo(s),,,
27:57.260,18,Matheus,Visa Cash App Racing Bulls,Excesso de velocidade no pit lane,Punição de 10 segundo(s),,,
28:14.549,18,Paulo,Scuderia Ferrari HP,Limites da pista excedidos,Aviso,,,
28:14.568,18,Paulo,Scuderia Ferrari HP,Múltiplas advertências,3 segundo(s),,,
31:21.932,20,Paulo,Scuderia Ferrari HP,Limites da pista excedidos,Aviso,,,
36:39.934,23,Paulo,Scuderia Ferrari HP,Limites da pista excedidos,Aviso,,,
37:51.421,23,Paulo,Scuderia Ferrari HP,Limites da pista excedidos,Aviso,,,
37:51.439,23,Paulo,Scuderia Ferrari HP,Múltiplas advertências,3 segundo(s),,,
38:13.049,24,Paulo,Scuderia Ferrari HP,Limites da pista excedidos,Aviso,,,
39:14.924,24,Paulo,Scuderia Ferrari HP,Corte de curvas,Aviso,,,
40:48.870,26,Matheus,Visa Cash App Racing Bulls,Punição não cumprida,10 segundo(s),,,
